Workbook

Sheet Customer Data
A1: OrderID | B1: CustomerID | C1: OrderDate | D1: ProductID | E1: Quantity | F1: Discount | G1: PaymentMethod | H1: Status | I1: Age | J1: City | K1: SignupDate | L1: CustomerSegment | M1: ProductName | N1: Category | O1: UnitPrice | P1: Sales | Q1: OrderValue | R1: Customer Status | S1: Amount | T1: Discount Statis
A2: 500001 | B2: 103695 | C2: 45897 | D2: 2003 | E2: 4 | F2: 10 | G2: Gateway | H2: Completed | I2: 36 | J2: Qom | K2: 45356 | L2: Regular | M2: USB-C Cable | N2: Accessories | O2: 9 | P2: 32 | Q2: 32 | R2: Active Customer | S2: =SUM(E2*O2) -> 36 | T2: =IF(F2<=5,"Low",IF(F2<=10,"Average",IF(F2>10,"High"))) -> Average
A3: 500002 | B3: 107935 | C3: 45443 | D3: 2014 | E3: 1 | F3: 10 | G3: Wallet | H3: Completed | I3: 49 | J3: Kerman | K3: 45812 | L3: Regular | M3: Backpack | N3: Accessories | O3: 42 | P3: 38 | Q3: 38 | R3: Inactive Customer | S3: =SUM(E3*O3) -> 42 | T3: =IF(F3<=5,"Low",IF(F3<=10,"Average",IF(F3>10,"High"))) -> Average
A4: 500003 | B4: 105141 | C4: 45879 | D4: 2002 | E4: 1 | F4: 20 | G4: CardToCard | H4: Completed | I4: 36 | J4: Tehran | K4: 45949 | L4: Regular | M4: Mechanical Keyboard | N4: Electronics | O4: 62 | P4: 50 | Q4: 50 | R4: Active Customer | S4: =SUM(E4*O4) -> 62 | T4: =IF(F4<=5,"Low",IF(F4<=10,"Average",IF(F4>10,"High"))) -> High
A5: 500004 | B5: 108780 | C5: 45576 | D5: 2012 | E5: 1 | F5: 10 | G5: Gateway | H5: Completed | I5: 45 | J5: Shiraz | K5: 45267 | L5: Regular | M5: Office Chair | N5: Home Office | O5: 180 | P5: 162 | Q5: 162 | R5: Inactive Customer | S5: =SUM(E5*O5) -> 180 | T5: =IF(F5<=5,"Low",IF(F5<=10,"Average",IF(F5>10,"High"))) -> Average
A6: 500005 | B6: 101187 | C6: 45341 | D6: 2008 | E6: 2 | F6: 0 | G6: Gateway | H6: Completed | I6: 24 | J6: Karaj | K6: 45262 | L6: Regular | M6: Phone Case | N6: Accessories | O6: 14 | P6: 28 | Q6: 28 | R6: Inactive Customer | S6: =SUM(E6*O6) -> 28 | T6: =IF(F6<=5,"Low",IF(F6<=10,"Average",IF(F6>10,"High"))) -> Low
A7: 500006 | B7: 105545 | C7: 45489 | D7: 2011 | E7: 4 | F7: 0 | G7: Gateway | H7: Returned | I7: 28 | J7: Tehran | K7: 45511 | L7: New | M7: Desk Lamp | N7: Home Office | O7: 32 | P7: 128 | Q7: 128 | R7: Inactive Customer | S7: =SUM(E7*O7) -> 128 | T7: =IF(F7<=5,"Low",IF(F7<=10,"Average",IF(F7>10,"High"))) -> Low
A8: 500007 | B8: 106418 | C8: 45945 | D8: 2017 | E8: 1 | F8: 5 | G8: Wallet | H8: Completed | I8: 23 | J8: Isfahan | K8: 44994 | L8: New | M8: HDMI Cable | N8: Accessories | O8: 11 | P8: 10 | Q8: 10 | R8: Active Customer | S8: =SUM(E8*O8) -> 11 | T8: =IF(F8<=5,"Low",IF(F8<=10,"Average",IF(F8>10,"High"))) -> Low
A9: 500008 | B9: 108755 | C9: 45629 | D9: 2014 | E9: 1 | F9: 0 | G9: Gateway | H9: Completed | I9: 41 | J9: Mashhad | K9: 45981 | L9: Regular | M9: Backpack | N9: Accessories | O9: 42 | P9: 42 | Q9: 42 | R9: Inactive Customer | S9: =SUM(E9*O9) -> 42 | T9: =IF(F9<=5,"Low",IF(F9<=10,"Average",IF(F9>10,"High"))) -> Low
A10: 500009 | B10: 105133 | C10: 45762 | D10: 2004 | E10: 1 | F10: 10 | G10: Gateway | H10: Completed | I10: 40 | J10: Isfahan | K10: 45781 | L10: New | M10: Power Bank | N10: Electronics | O10: 35 | P10: 32 | Q10: 32 | R10: Active Customer | S10: =SUM(E10*O10) -> 35 | T10: =IF(F10<=5,"Low",IF(F10<=10,"Average",IF(F10>10,"High"))) -> Average
A11: 500010 | B11: 103111 | C11: 45410 | D11: 2014 | E11: 2 | F11: 5 | G11: Gateway | H11: Cancelled | I11: 43 | J11: Mashhad | K11: 45463 | L11: New | M11: Backpack | N11: Accessories | O11: 42 | P11: 80 | Q11: 80 | R11: Inactive Customer | S11: =SUM(E11*O11) -> 84 | T11: =IF(F11<=5,"Low",IF(F11<=10,"Average",IF(F11>10,"High"))) -> Low
A12: 500011 | B12: 102192 | C12: 45372 | D12: 2004 | E12: 3 | F12: 30 | G12: Gateway | H12: Completed | I12: 37 | J12: Tehran | K12: 45262 | L12: New | M12: Power Bank | N12: Electronics | O12: 35 | P12: 74 | Q12: 74 | R12: Inactive Customer | S12: =SUM(E12*O12) -> 105 | T12: =IF(F12<=5,"Low",IF(F12<=10,"Average",IF(F12>10,"High"))) -> High
A13: 500012 | B13: 102921 | C13: 45498 | D13: 2001 | E13: 1 | F13: 5 | G13: Wallet | H13: Completed | I13: 33 | J13: Tabriz | K13: 45310 | L13: VIP | M13: Wireless Mouse | N13: Electronics | O13: 18 | P13: 17 | Q13: 17 | R13: Inactive Customer | S13: =SUM(E13*O13) -> 18 | T13: =IF(F13<=5,"Low",IF(F13<=10,"Average",IF(F13>10,"High"))) -> Low
... A1001: 501012 | B1001: 102399 | C1001: 45539 | D1001: 2020 | E1001: 4 | F1001: 0 | G1001: Gateway | H1001: Completed | I1001: 30 | J1001: Kerman | K1001: 45582 | L1001: Regular | M1001: Gaming Controller | N1001: Gaming | O1001: 68 | P1001: 272 | Q1001: 272 | R1001: Inactive Customer | S1001: =SUM(E1001*O1001) -> 272 | T1001: =IF(F1001<=5,"Low",IF(F1001<=10,"Average",IF(F1001>10,"High"))) -> Low

Sheet Pivots
A2: Customer Count by City | E2: Customer count by Category | I2: Customer Status
A3: City | B3: Count of CustomerID | E3: Category | F3: Count of CustomerID | I3: Customer Status | J3: Count of CustomerID
A4: Ahvaz | B4: 54 | E4: Accessories | F4: 379 | I4: Active Customer | J4: 585
A5: Isfahan | B5: 108 | E5: Electronics | F5: 370 | I5: Inactive Customer | J5: 415
A6: Karaj | B6: 101 | E6: Gaming | F6: 31 | I6: Grand Total | J6: 1000
A7: Kerman | B7: 57 | E7: Home Office | F7: 67
A8: Mashhad | B8: 125 | E8: Stationery | F8: 87
A9: Qom | B9: 47 | E9: Wearables | F9: 66 | I9: CustomerSegment
A10: Rasht | B10: 61 | E10: (blank) | I10: CustomerSegment | J10: Count of CustomerID
A11: Shiraz | B11: 78 | E11: Grand Total | F11: 1000 | I11: New | J11: 379
A12: Tabriz | B12: 96 | I12: Regular | J12: 529
A13: Tehran | B13: 273 | I13: VIP | J13: 92
A14: (blank) | I14: Grand Total | J14: 1000
A15: Grand Total | B15: 1000
I17: Average of Quantity
I18: Category | J18: (Multiple Items)
I20: Average of Quantity
I21: 1.8718535

Sheet Customer Details
A1: CustomerID | B1: City | C1: Product Name | D1: Category | E1: Product Category
A2: 103695 | B2: Qom | C2: =_xlfn.XLOOKUP(A2,'Customer Data'!B2,'Customer Data'!M2) -> USB-C Cable | D2: Accessories | E2: =CONCATENATE(C1," - ",D1) -> Product Name - Category
A3: 107935 | B3: Kerman | C3: =_xlfn.XLOOKUP(A3,'Customer Data'!B3,'Customer Data'!M3) -> Backpack | D3: Accessories | E3: =CONCATENATE(C2," - ",D2) -> USB-C Cable - Accessories
A4: 105141 | B4: Tehran | C4: =_xlfn.XLOOKUP(A4,'Customer Data'!B4,'Customer Data'!M4) -> Mechanical Keyboard | D4: Electronics | E4: =CONCATENATE(C3," - ",D3) -> Backpack - Accessories
A5: 108780 | B5: Shiraz | C5: =_xlfn.XLOOKUP(A5,'Customer Data'!B5,'Customer Data'!M5) -> Office Chair | D5: Home Office | E5: =CONCATENATE(C4," - ",D4) -> Mechanical Keyboard - Electronics
A6: 101187 | B6: Karaj | C6: =_xlfn.XLOOKUP(A6,'Customer Data'!B6,'Customer Data'!M6) -> Phone Case | D6: Accessories | E6: =CONCATENATE(C5," - ",D5) -> Office Chair - Home Office
A7: 105545 | B7: Tehran | C7: =_xlfn.XLOOKUP(A7,'Customer Data'!B7,'Customer Data'!M7) -> Desk Lamp | D7: Home Office | E7: =CONCATENATE(C6," - ",D6) -> Phone Case - Accessories
A8: 106418 | B8: Isfahan | C8: =_xlfn.XLOOKUP(A8,'Customer Data'!B8,'Customer Data'!M8) -> HDMI Cable | D8: Accessories | E8: =CONCATENATE(C7," - ",D7) -> Desk Lamp - Home Office
A9: 108755 | B9: Mashhad | C9: =_xlfn.XLOOKUP(A9,'Customer Data'!B9,'Customer Data'!M9) -> Backpack | D9: Accessories | E9: =CONCATENATE(C8," - ",D8) -> HDMI Cable - Accessories
A10: 105133 | B10: Isfahan | C10: =_xlfn.XLOOKUP(A10,'Customer Data'!B10,'Customer Data'!M10) -> Power Bank | D10: Electronics | E10: =CONCATENATE(C9," - ",D9) -> Backpack - Accessories
A11: 103111 | B11: Mashhad | C11: =_xlfn.XLOOKUP(A11,'Customer Data'!B11,'Customer Data'!M11) -> Backpack | D11: Accessories | E11: =CONCATENATE(C10," - ",D10) -> Power Bank - Electronics
A12: 102192 | B12: Tehran | C12: =_xlfn.XLOOKUP(A12,'Customer Data'!B12,'Customer Data'!M12) -> Power Bank | D12: Electronics | E12: =CONCATENATE(C11," - ",D11) -> Backpack - Accessories
A13: 102921 | B13: Tabriz | C13: =_xlfn.XLOOKUP(A13,'Customer Data'!B13,'Customer Data'!M13) -> Wireless Mouse | D13: Electronics | E13: =CONCATENATE(C12," - ",D12) -> Power Bank - Electronics
... A1001: 102399 | B1001: Kerman | C1001: =_xlfn.XLOOKUP(A1001,'Customer Data'!B1001,'Customer Data'!M1001) -> Gaming Controller | D1001: Gaming | E1001: =CONCATENATE(C1000," - ",D1000) -> Power Bank - Electronics
